"Reference","Value","Qty","Footprint","Manufacturer","MFR Part #","LCSC Part #","Datasheet"
"C101,C202,C204","100n","3","Capacitor_SMD:C_0603_1608Metric","YAGEO","CC0603JRX7R7BB104,CC0603KRX7R9BB104","C14663,C91183","https://jlcpcb.com/api/file/downloadByFileSystemAccessId/8667086713681608704,https://www.lcsc.com/datasheet/C91183.pdf"
"C102,C103,C104,C105,C106,C107,C401,C402,C403,C501,C502,C503,C601,C602","100n","14","Capacitor_SMD:C_0402_1005Metric","Samsung Electro-Mechanics","CL05B104KB54PNC","C307331","https://jlcpcb.com/api/file/downloadByFileSystemAccessId/8554627388281098240"
"C201,C203,C208","10u","3","Capacitor_Tantalum_SMD:CP_EIA-3216-18_Kemet-A","-","TAJA106K016RNJ","C7171","~"
"C205","22p","1","Capacitor_SMD:C_0603_1608Metric","Samsung Electro-Mechanics","CL10C220JB8NNNC","C1653","https://jlcpcb.com/api/file/downloadByFileSystemAccessId/8667086713681608704"
"C206","1u","1","Capacitor_SMD:C_0603_1608Metric","Samsung Electro-Mechanics","CL10A105KB8NNNC","C15849","https://jlcpcb.com/api/file/downloadByFileSystemAccessId/8667086713681608704"
"C207","4.7u","1","Capacitor_SMD:C_0603_1608Metric","Samsung Electro-Mechanics","CL10A475KO8NNNC","C19666","https://jlcpcb.com/api/file/downloadByFileSystemAccessId/8667086713681608704 0 0 Centrer Centrer 0 0"
"D201","BZT52Bxx","1","Diode_SMD:D_SOD-123F","hongjiacheng","BZT52B5V1","C19077393","https://diotec.com/tl_files/diotec/files/pdf/datasheets/bzt52b2v4.pdf"
"D202","SMF5V0A","1","Diode_SMD:D_SMF","hongjiacheng","SMF5.0A","C19077497","https://www.vishay.com/doc?85881"
"D203","B0540WS","1","Diode_SMD:D_SOD-323","hongjiacheng","B0540WS","C7420326","https://jlc-prod-smt.oss-eu-central-1.aliyuncs.com/smtDataManualFile/8603009309794054144-C7420326.pdf?response-content-disposition=attachment%3B%20filename%3DC7420326.pdf%3B%20filename%2A%3DUTF-8%27%27C7420326.pdf&x-oss-date=20260517T121113Z&x-oss-expires=3600&x-oss-security-token=CAISgAN1q6Ft5B2yfSjIr5nRedHu24hwgKyhR0T7i28lXcJI3Kb9lzz2IHhMdHJsAOodtv0%2FmmhT6PkclqRLcbhpcmfjV%2BZHzLB8qZUx4FNK4J7b16cNrbH4M4H6aXeirtuwDsz9SNTCALjPD3nPii50x5bjaDymRCbLGJaViJlhHLN1Ow6jdmhpCctxLAlvo9NgFxm3D%2Fu2NQPwiWf9FVdhvhEG6Vly8qOi2MaRmFy8yFTx0b0SvJ%2BjYMrmPctoN9JnSdC5mfdzau3a1TJ84gRD0a5wkaVA1zbDs5bfISEIuUzebreLqY03dV4mOvdqIcMe8qigz88fk%2FfIioH6xyxKOexoSCnFTOiiupCcQLPyao9jLu6iayqViY7QaIOTqQohZmkAMwVOasAsI3Ngh4zF97Qt0cVNkXO9gWfLI8DtuMleWgqqyPY6UnSgc5lCkRRYwGs1287ugXlSQzo890KPDAEovaKCnZ2ZSfh7Y4sNknI6i%2Bfc2Se2MIkIAuU9UqKWD5sagAEw99veiWMDgqoiCPcBPVZO5jUFxx3PGlENFh1CSo%2BJRk5UkcXDB5K2rbf2qiSUt9cerH%2BhcqkGHVdTWFP3i4cyUboYHJC0NQo8qK6BWYJtYbT2S5M8XPFOtOa%2B9uHG5jTI7VCh83FKFQdsZBUYmeAQ%2BojhMWR45CFX6FfGBvBv%2BSAA&x-oss-signature-version=OSS4-HMAC-SHA256&x-oss-credential=STS.NZd2kZ6WQ7nJEbJoopQMd3cVu%2F20260517%2Feu-central-1%2Foss%2Faliyun_v4_request&x-oss-signature=db5ea5fec0c9a3c3cc4c0d6271f69461c1f5c3365601e7dd6d1e95f3821de884"
"D204,D301,D304","Red","3","LED_SMD:LED_0805_2012Metric","Foshan NationStar Optoelectronics","NCD0805R1","C84256","https://jlcpcb.com/api/file/downloadByFileSystemAccessId/8550724080677908480,https://www.lcsc.com/datasheet/C84256.pdf"
"D302,D306","Green","2","LED_SMD:LED_0805_2012Metric","Hubei KENTO Elec","KT-0805G","C2297","https://www.lcsc.com/datasheet/C2297.pdf"
"D303,D308","Blue","2","LED_SMD:LED_0805_2012Metric","Foshan NationStar Optoelectronics","NCD0805B2","C84259","https://www.lcsc.com/datasheet/C84259.pdf"
"D305","Orange","1","LED_SMD:LED_0805_2012Metric","Foshan NationStar Optoelectronics","NCD0805O1","C84262","https://www.lcsc.com/datasheet/C84262.pdf"
"D307","White","1","LED_SMD:LED_0805_2012Metric","Hubei KENTO Elec","KT-0805W","C34499","https://www.lcsc.com/datasheet/C34499.pdf"
"D309","Purple","1","LED_SMD:LED_0805_2012Metric","XINGLIGHT","XL-2012UVA","C7371915","https://www.lcsc.com/datasheet/C7371915.pdf"
"D401,D501,D502,D503,D504,D505,D506,D507,D508,D509,D510,D601,D602,D603,D604,D605,D606,D607,D608,D609,D610,D611,D612,D613,D614","Yellow","25","LED_SMD:LED_0805_2012Metric","Hubei KENTO Elec","KT-0805Y","C2296","https://www.lcsc.com/datasheet/C2296.pdf"
"H101,H102,H103,H104,H105,H106,H107,H108,H109","MountingHole","9","MountingHole:MountingHole_2.7mm_M2.5_ISO7380","","","","~"
"J201","JST PH 2P","1","Connector_JST:JST_PH_S2B-PH-K_1x02_P2.00mm_Horizontal","JST","S2B-PH-K-S(LF)(SN)","C173752","https://jlcpcb.com/api/file/downloadByFileSystemAccessId/8587713913773568000"
"J202","USB_C_Receptacle_PowerOnly_6P","1","Connector_USB:USB_C_Receptacle_HRO_TYPE-C-31-M-17","Korean Hroparts Elec","TYPE-C-31-M-17","C283540","https://jlcpcb.com/api/file/downloadByFileSystemAccessId/8588893665645236224"
"L201","Ferrite Bead","1","Inductor_SMD:L_0603_1608Metric","Murata Electronics","BLM18PG121SN1D","C14709","https://pim.murata.com/en-eu/pim/details/?productCategoryId=ferriteBeadInductortypefilter&partNum=BLM18PG121SN1%23"
"L202","10u","1","Inductor_SMD:L_0603_1608Metric","Sunlord","SDFL1608S100KTF","C1035","https://jlc-prod-smt.oss-eu-central-1.aliyuncs.com/smtDataManualFile/8579705833057406976-C1035.pdf?response-content-disposition=attachment%3B%20filename%3DC1035.pdf%3B%20filename%2A%3DUTF-8%27%27C1035.pdf&x-oss-date=20260517T120133Z&x-oss-expires=3600&x-oss-security-token=CAISgAN1q6Ft5B2yfSjIr5nRedHu24hwgKyhR0T7i28lXcJI3Kb9lzz2IHhMdHJsAOodtv0%2FmmhT6PkclqRLcbhpcmfjV%2BZHzLB8qZUx4FNK4J7b16cNrbH4M4H6aXeirtuwDsz9SNTCALjPD3nPii50x5bjaDymRCbLGJaViJlhHLN1Ow6jdmhpCctxLAlvo9NgFxm3D%2Fu2NQPwiWf9FVdhvhEG6Vly8qOi2MaRmFy8yFTx0b0SvJ%2BjYMrmPctoN9JnSdC5mfdzau3a1TJ84gRD0a5wkaVA1zbDs5bfISEIuUzebreLqY03dV4mOvdqIcMe8qigz88fk%2FfIioH6xyxKOexoSCnFTOiiupCcQLPyao9jLu6iayqViY7QaIOTqQohZmkAMwVOasAsI3Ngh4zF97Qt0cVNkXO9gWfLI8DtuMleWgqqyPY6UnSgc5lCkRRYwGs1287ugXlSQzo890KPDAEovaKCnZ2ZSfh7Y4sNknI6i%2Bfc2Se2MIkIAuU9UqKWD5sagAEw99veiWMDgqoiCPcBPVZO5jUFxx3PGlENFh1CSo%2BJRk5UkcXDB5K2rbf2qiSUt9cerH%2BhcqkGHVdTWFP3i4cyUboYHJC0NQo8qK6BWYJtYbT2S5M8XPFOtOa%2B9uHG5jTI7VCh83FKFQdsZBUYmeAQ%2BojhMWR45CFX6FfGBvBv%2BSAA&x-oss-signature-version=OSS4-HMAC-SHA256&x-oss-credential=STS.NZd2kZ6WQ7nJEbJoopQMd3cVu%2F20260517%2Feu-central-1%2Foss%2Faliyun_v4_request&x-oss-signature=f4bb9b68ed0c97cf77c0dac1cd37719710d21d1f57ff3bb386a2b785f2078bcf"
"Q201","AO3401A","1","Package_TO_SOT_SMD:SOT-23","Alpha & Omega Semicon","AO3401A","C15127","https://jlcpcb.com/api/file/downloadByFileSystemAccessId/8553305450243108864"
"Q301,Q302,Q303,Q304,Q305,Q306,Q307,Q308,Q309,Q401,Q501,Q502,Q503,Q504,Q505,Q506,Q507,Q508,Q509,Q510,Q601,Q602,Q603,Q604,Q605,Q606,Q607","MMBT3904","27","Package_TO_SOT_SMD:SOT-23","hongjiacheng","MMBT3904","C7420353","https://jlcpcb.com/api/file/downloadByFileSystemAccessId/8564879385946705920"
"R101,R102,R103,R104,R105,R107,R108,R109,R110,R111,R209,R304,R305,R306,R311,R312,R313,R314,R321,R322,R408,R414,R418,R422,R511,R512,R513,R514,R515,R516,R517,R518,R519,R520,R615,R616,R617,R618,R619,R620,R621","10k","41","Resistor_SMD:R_0603_1608Metric","UNI-ROYAL(Uniroyal Elec)","0603WAF1002T5E","C25804","https://jlcpcb.com/api/file/downloadByFileSystemAccessId/8579706036003409920,https://jlcpcb.com/api/file/downloadByFileSystemAccessId/8579706381320323072"
"R106","9.1k","1","Resistor_SMD:R_0603_1608Metric","UNI-ROYAL(Uniroyal Elec)","0603WAF9101T5E","C23260","https://jlcpcb.com/api/file/downloadByFileSystemAccessId/8579706381320323072"
"R201,R315,R316,R317,R318,R323,R324","100k","7","Resistor_SMD:R_0603_1608Metric","UNI-ROYAL(Uniroyal Elec)","0603WAF1003T5E","C25803","https://jlcpcb.com/api/file/downloadByFileSystemAccessId/8579706381320323072"
"R202","680k","1","Resistor_SMD:R_0603_1608Metric","UNI-ROYAL(Uniroyal Elec)","0603WAF6803T5E","C25822","https://jlcpcb.com/api/file/downloadByFileSystemAccessId/8579706381320323072"
"R203,R207","0","2","Resistor_SMD:R_0603_1608Metric","UNI-ROYAL(Uniroyal Elec)","0603WAF0000T5E","C21189","https://jlcpcb.com/api/file/downloadByFileSystemAccessId/8578255895094087680"
"R204,R205","5.1k","2","Resistor_SMD:R_0402_1005Metric","UNI-ROYAL(Uniroyal Elec)","0402WGF5101TCE","C25905","https://jlcpcb.com/api/file/downloadByFileSystemAccessId/8579706036003409920"
"R206","220k","1","Resistor_SMD:R_0603_1608Metric","UNI-ROYAL(Uniroyal Elec)","0603WAF2203T5E","C22961","https://jlcpcb.com/api/file/downloadByFileSystemAccessId/8579706381320323072"
"R208","220","1","Resistor_SMD:R_0402_1005Metric","UNI-ROYAL(Uniroyal Elec)","0402WGF5101TCE","C25905","https://jlcpcb.com/api/file/downloadByFileSystemAccessId/8579706036003409920"
"R210","3.9k","1","Resistor_SMD:R_0603_1608Metric","UNI-ROYAL(Uniroyal Elec)","0603WAF3901T5E","C23018","https://jlcpcb.com/api/file/downloadByFileSystemAccessId/8579706381320323072"
"R211","2k","1","Resistor_SMD:R_0603_1608Metric","UNI-ROYAL(Uniroyal Elec)","0603WAF2001T5E","C22975","https://jlcpcb.com/api/file/downloadByFileSystemAccessId/8579706381320323072"
"R212","1.2k","1","Resistor_SMD:R_0603_1608Metric","UNI-ROYAL(Uniroyal Elec)","0603WAF1201T5E","C22765","https://jlcpcb.com/api/file/downloadByFileSystemAccessId/8579706381320323072"
"R301,R307","270","2","Resistor_SMD:R_0603_1608Metric","UNI-ROYAL(Uniroyal Elec)","0603WAF2700T5E","C22966","https://jlcpcb.com/api/file/downloadByFileSystemAccessId/8579706381320323072"
"R302,R303,R309,R310,R319","390","5","Resistor_SMD:R_0603_1608Metric","UNI-ROYAL(Uniroyal Elec)","0603WAF3900T5E","C23151","https://jlcpcb.com/api/file/downloadByFileSystemAccessId/8579706381320323072"
"R308,R413,R501,R502,R503,R504,R505,R506,R507,R508,R509,R510,R601,R602,R603,R604,R605,R606,R607,R608,R609,R610,R611,R612,R613,R614","220","26","Resistor_SMD:R_0603_1608Metric","UNI-ROYAL(Uniroyal Elec)","0603WAF2200T5E","C22962","https://jlcpcb.com/api/file/downloadByFileSystemAccessId/8579706381320323072"
"R320","360","1","Resistor_SMD:R_0603_1608Metric","UNI-ROYAL(Uniroyal Elec)","0603WAF3600T5E","C25194","https://jlcpcb.com/api/file/downloadByFileSystemAccessId/8579706381320323072"
"R401,R402,R403,R404,R405,R406,R407,R409,R411,R412,R415,R416,R417,R419,R420,R421,R423","1k","17","Resistor_SMD:R_0603_1608Metric","UNI-ROYAL(Uniroyal Elec)","0603WAF1001T5E","C21190","https://jlcpcb.com/api/file/downloadByFileSystemAccessId/8579706381320323072"
"RV101,RV102,RV103,RV104,RV105","3362P","5","footprints:BOURNS_3362P","BOURNS","3362P-1-103LF","C58159","https://www.lcsc.com/datasheet/C58159.pdf"
"SW101","MAN_CNT","1","footprints:SW-TH_DM1-12UP-1","XKB Connection","DM1-12UP-1","C405949","https://www.lcsc.com/datasheet/C405949.pdf"
"SW102","CLK_SELECT","1","footprints:SW-TH_RT-0C4-D","Dailywell","RT-0C5","C508440","https://www.lcsc.com/datasheet/C508440.pdf"
"SW201","SW_DIP_x04","1","Button_Switch_THT:SW_DIP_SPSTx04_Slide_9.78x12.34mm_W7.62mm_P2.54mm","DongGuan KINGTEK Industrial Co.,LTD","DSWB04LHGET","C99418","https://jlc-prod-smt.oss-eu-central-1.aliyuncs.com/smtDataManualFile/8588892422340689920-C99418.pdf?response-content-disposition=attachment%3B%20filename%3DC99418.pdf%3B%20filename%2A%3DUTF-8%27%27C99418.pdf&x-oss-date=20260515T125102Z&x-oss-expires=3600&x-oss-security-token=CAISgAN1q6Ft5B2yfSjIr5nHDMvH1LVxx7eZcVHI1WImWf9pv5zq0Tz2IHhMdHJsAOodtv0%2FmmhT6PkclqRLcbhpcmfjV%2BZHzLB8qbcj%2BT1L4J7b16cNrbH4M4H6aXeirtuwDsz9SNTCALjPD3nPii50x5bjaDymRCbLGJaViJlhHLN1Ow6jdmhpCctxLAlvo9NgFxm3D%2Fu2NQPwiWf9FVdhvhEG6Vly8qOi2MaRmFy8yFTx0b0SvJ%2BjYMrmPctoN9JnSdC5mfdzau3a1TJ84gRD0a5wkaVA1zbDs5bfISEIuUzebreLqY03dV4mOvdqIcMe8qigz88fk%2FfIioH6xyxKOexoSCnFTOiiupCcQLPyao9jLu6iayqViY7QaIOTqQohZmkAMwVOasAsI3Ngh4zF97Qt0cVNkXO9gWfLI8DtuMleWkquxsod0nSgc5lCkRRYwGs1287ugXlSQzo890KPDAEovaKCnZ2ZSfh7Y4sNknI6i%2Bfc2Se2MIkIHEolZKKWD5sagAFQsU1Qv5ROGjjUFohjRvPlJvSzTSN1ocmfPLbHqhxP8B6FeJgocfNe6%2BESywUPLAoqatQV9OxjAcQfptBoahn58w94HOT%2BRo%2FkknrFEtHqG%2Fsl8eXGM%2BjW3tMQMQXPe98%2Fy3PoN1qPFSxY1Nm2GzvTLDpYFsYzl0xO%2BHI98k1mPCAA&x-oss-signature-version=OSS4-HMAC-SHA256&x-oss-credential=STS.NZrGqs9jPpurswy1bsUpEPYA3%2F20260515%2Feu-central-1%2Foss%2Faliyun_v4_request&x-oss-signature=d9c2167b3fc097b8aa5ac389c65affb41b13132a4f077c15d4c827c0d471463f"
"SW202","SW_SPDT","1","Button_Switch_SMD:SW_SPDT_Shouhan_MSK12C02","SHOU HAN","MSK12C02","C431540","https://www.lcsc.com/datasheet/C431540.pdf"
"SW301","SW Red","1","footprints:SW-TH_DM1-12UP-1","XKB Connection","DM1-12UP-1","C405949","https://www.lcsc.com/datasheet/C405949.pdf"
"SW302","SW Orange","1","footprints:SW-TH_DM1-12UP-1","XKB Connection","DM1-12UP-1","C405949","https://www.lcsc.com/datasheet/C405949.pdf"
"SW303","SW Green","1","footprints:SW-TH_DM1-12UP-1","XKB Connection","DM1-12UP-1","C405949","https://www.lcsc.com/datasheet/C405949.pdf"
"SW304","SW White","1","footprints:SW-TH_DM1-12UP-1","XKB Connection","DM1-12UP-1","C405949","https://www.lcsc.com/datasheet/C405949.pdf"
"SW305","SW Blue","1","footprints:SW-TH_DM1-12UP-1","XKB Connection","DM1-12UP-1","C405949","https://www.lcsc.com/datasheet/C405949.pdf"
"SW306","SW Purple","1","footprints:SW-TH_DM1-12UP-1","XKB Connection","DM1-12UP-1","C405949","https://www.lcsc.com/datasheet/C405949.pdf"
"SW401","DISP_SELECT","1","footprints:SW-TH_SS-23D06-L5","XKB Connection","SS23D06L5","C609829","https://www.lcsc.com/datasheet/C609829.pdf"
"U101,U102,U104","LM393","3","Package_SO:SOIC-8_3.9x4.9mm_P1.27mm","onsemi","LM393DR2G","C7955","http://www.ti.com/lit/ds/symlink/lm393.pdf"
"U103","4040","1","Package_SO:SOP-16_4.4x10.4mm_P1.27mm","HGSEMI","CD4040BM/TR","C725347","https://jlcpcb.com/api/file/downloadByFileSystemAccessId/8588908136287096832"
"U201","AMS1117-3.3","1","Package_TO_SOT_SMD:SOT-223-3_TabPin2","Advanced Monolithic Systems","AMS1117-3.3","C6186","http://www.advanced-monolithic.com/pdf/ds1117.pdf"
"U202,U203","TPD1E05U06DPY","2","Package_SON:Texas_DPY0002A_0.6x1mm_P0.65mm","Texas Instruments","TPD1E05U06DPYT","C1847651","https://www.ti.com/lit/ds/symlink/tpd1e05u06.pdf"
"U204","TPS61040DBV","1","Package_TO_SOT_SMD:SOT-23-5","Texas Instruments","TPS61040DBVR","C7722","http://www.ti.com/lit/ds/symlink/tps61040.pdf"
"U205","TP4056-42-ESOP8","1","footprints:TP4056-42-ESOP8","TOPPOWER(Nanjing Extension Microelectronics)","TP4056-42-ESOP8","C16581","https://www.lcsc.com/datasheet/lcsc_datasheet_2410121619_TOPPOWER-Nanjing-Extension-Microelectronics-TP4056-42-ESOP8_C16581.pdf"
"U401","4028","1","Package_SO:TSSOP-16_4.4x5mm_P0.65mm","Texas Instruments","CD4028BPWR","C2653282","https://www.ti.com/lit/ds/symlink/cd4028b.pdf"
"U402","4510","1","Package_SO:TSSOP-16_4.4x5mm_P0.65mm","Texas Instruments","CD4510BPWR","C2862976","https://www.ti.com/cn/lit/ds/symlink/cd4510b.pdf"
"U403","4511","1","Package_SO:TSSOP-16_4.4x5mm_P0.65mm","Texas Instruments","CD4511BPWR","C353987","CMOS BCD-to-7-segment Latch Decoder Drivers"
"U501,U502,U503,U601,U602","74HC08D","5","Package_SO:SOIC-14_3.9x8.7mm_P1.27mm","Nexperia","74HC08D,653","C5593","https://www.ti.com/lit/ds/symlink/sn74hc08.pdf"
