Comment,Designator,Footprint,LCSC,Quantity
TP4056-42-ESOP8,U205,TP4056-42-ESOP8,C16581,1
JST PH 2P,J201,JST_PH_S2B-PH-K_1x02_P2.00mm_Horizontal,C173752,1
SMF5V0A,D202,D_SMF,C19077497,1
4028,U401,TSSOP-16_4.4x5mm_P0.65mm,C2653282,1
4510,U402,TSSOP-16_4.4x5mm_P0.65mm,C2862976,1
4511,U403,TSSOP-16_4.4x5mm_P0.65mm,C353987,1
MAN_CNT,"SW101,SW301,SW302,SW303,SW304,SW305,SW306",SW-TH_DM1-12UP-1,C405949,7
SW_SPDT,SW202,SW_SPDT_Shouhan_MSK12C02,C431540,1
CLK_SELECT,SW102,SW-TH_RT-0C4-D,C508440,1
74HC08D,"U501,U502,U503,U601,U602",SOIC-14_3.9x8.7mm_P1.27mm,C5593,5
3362P,"RV101,RV102,RV103,RV104,RV105",BOURNS_3362P,C58159,5
DISP_SELECT,SW401,SW-TH_SS-23D06-L5,C609829,1
4040,U103,SOP-16_4.4x10.4mm_P1.27mm,C725347,1
TPS61040DBV,U204,SOT-23-5,C7722,1
Blue,"D303,D308",LED_0805_2012Metric,C84259,2
Orange,D305,LED_0805_2012Metric,C84262,1
100n,C101,C_0603_1608Metric,C91183,1
SW_DIP_x04,SW201,SW_DIP_SPSTx04_Slide_9.78x12.34mm_W7.62mm_P2.54mm,C99418,1
