Designator,Val,Package,Mid X,Mid Y,Rotation,Layer
C101,100n,C_0603_1608Metric,19.1516,144.7546,90.0,top
C102,100n,C_0402_1005Metric,41.1988,139.2569,180.0,top
C103,100n,C_0402_1005Metric,9.702804,141.503399,180.0,top
C104,100n,C_0402_1005Metric,29.2862,157.772401,90.0,top
C105,100n,C_0402_1005Metric,36.5606,157.706599,90.0,top
C106,100n,C_0402_1005Metric,37.3888,149.3266,0.0,top
C107,100n,C_0402_1005Metric,98.5774,30.1244,0.0,top
C201,10u,CP_EIA-3216-18_Kemet-A,20.4978,159.9692,0.0,top
C202,100n,C_0603_1608Metric,24.4348,160.1724,0.0,top
C203,10u,CP_EIA-3216-18_Kemet-A,24.4348,153.842403,90.0,top
C204,100n,C_0603_1608Metric,24.4348,157.734,90.0,top
C205,22p,C_0603_1608Metric,18.880636,173.2788,180.0,top
C206,1u,C_0603_1608Metric,18.880637,170.2308,180.0,top
C207,4.7u,C_0603_1608Metric,11.921036,169.570399,90.0,top
C208,10u,CP_EIA-3216-18_Kemet-A,19.13645,163.7538,90.0,top
C401,100n,C_0402_1005Metric,134.289801,81.5086,-90.0,top
C402,100n,C_0402_1005Metric,120.169101,79.1648,0.0,top
C403,100n,C_0402_1005Metric,123.954274,116.503394,45.0,top
C501,100n,C_0402_1005Metric,81.026,87.6158,-90.0,top
C502,100n,C_0402_1005Metric,101.346,87.6412,-90.0,top
C503,100n,C_0402_1005Metric,115.2144,87.6274,-90.0,top
C601,100n,C_0402_1005Metric,134.344788,143.788566,135.0,top
C602,100n,C_0402_1005Metric,88.570634,147.197188,-135.0,top
D201,BZT52Bxx,D_SOD-123F,6.096,165.9128,180.0,top
D202,SMF5V0A,D_SMF,11.708911,156.4172,0.0,top
D203,B0540WS,D_SOD-323,18.448834,167.284401,180.0,top
D204,Red,LED_0805_2012Metric,6.789448,162.939199,180.0,top
D301,Red,LED_0805_2012Metric,48.700181,25.298399,-90.0,top
D302,Green,LED_0805_2012Metric,47.480981,28.2448,180.0,top
D303,Blue,LED_0805_2012Metric,46.41418,25.296101,-90.0,top
D304,Red,LED_0805_2012Metric,59.266667,78.833129,90.0,top
D305,Orange,LED_0805_2012Metric,37.253333,78.833129,90.0,top
D306,Green,LED_0805_2012Metric,15.2654,122.457211,90.0,top
D307,White,LED_0805_2012Metric,37.278733,122.457211,90.0,top
D308,Blue,LED_0805_2012Metric,59.292067,122.457211,90.0,top
D309,Purple,LED_0805_2012Metric,15.24,78.833129,90.0,top
D401,Yellow,LED_0805_2012Metric,81.238411,122.447999,90.0,top
D501,Yellow,LED_0805_2012Metric,78.74,99.079999,90.0,top
D502,Yellow,LED_0805_2012Metric,83.82,99.079999,90.0,top
D503,Yellow,LED_0805_2012Metric,88.9,99.079999,90.0,top
D504,Yellow,LED_0805_2012Metric,93.98,99.079999,90.0,top
D505,Yellow,LED_0805_2012Metric,99.06,99.079999,90.0,top
D506,Yellow,LED_0805_2012Metric,104.14,99.079999,90.0,top
D507,Yellow,LED_0805_2012Metric,109.22,99.079999,90.0,top
D508,Yellow,LED_0805_2012Metric,114.3,99.079999,90.0,top
D509,Yellow,LED_0805_2012Metric,119.38,99.079999,90.0,top
D510,Yellow,LED_0805_2012Metric,124.46,99.079999,90.0,top
D601,Yellow,LED_0805_2012Metric,106.058923,165.102176,90.0,top
D602,Yellow,LED_0805_2012Metric,113.678923,165.102176,90.0,top
D603,Yellow,LED_0805_2012Metric,121.933923,156.745576,0.0,top
D604,Yellow,LED_0805_2012Metric,121.921592,149.176376,0.0,top
D605,Yellow,LED_0805_2012Metric,121.933923,132.590176,0.0,top
D606,Yellow,LED_0805_2012Metric,121.933923,124.970176,0.0,top
D607,Yellow,LED_0805_2012Metric,113.678923,116.842176,-90.0,top
D608,Yellow,LED_0805_2012Metric,106.058923,116.842176,-90.0,top
D609,Yellow,LED_0805_2012Metric,97.803923,124.970176,180.0,top
D610,Yellow,LED_0805_2012Metric,97.803923,132.590176,180.0,top
D611,Yellow,LED_0805_2012Metric,97.803923,149.125576,180.0,top
D612,Yellow,LED_0805_2012Metric,97.803923,156.745576,180.0,top
D613,Yellow,LED_0805_2012Metric,106.033523,140.972176,-90.0,top
D614,Yellow,LED_0805_2012Metric,113.678923,140.972176,-90.0,top
J201,JST PH 2P,JST_PH_S2B-PH-K_1x02_P2.00mm_Horizontal,9.169399,173.5212,0.0,top
J202,USB_C_Receptacle_PowerOnly_6P,USB_C_Receptacle_HRO_TYPE-C-31-M-17,4.709912,154.5884,270.0,top
L201,Ferrite Bead,L_0603_1608Metric,10.896111,158.4238,0.0,top
L202,10u,L_0603_1608Metric,15.070634,167.0304,0.0,top
Q201,AO3401A,SOT-23,6.538,169.212501,270.0,top
Q301,MMBT3904,SOT-23,51.029971,33.096198,90.0,top
Q302,MMBT3904,SOT-23,47.48098,33.093901,90.0,top
Q303,MMBT3904,SOT-23,43.916789,33.091602,90.0,top
Q304,MMBT3904,SOT-23,59.266667,71.21313,270.0,top
Q305,MMBT3904,SOT-23,37.253333,71.21313,270.0,top
Q306,MMBT3904,SOT-23,15.2654,114.833403,270.0,top
Q307,MMBT3904,SOT-23,37.278733,114.839511,270.0,top
Q308,MMBT3904,SOT-23,59.275877,114.842613,270.0,top
Q309,MMBT3904,SOT-23,15.24,71.21313,270.0,top
Q401,MMBT3904,SOT-23,81.238411,114.828,270.0,top
Q501,MMBT3904,SOT-23,79.418579,93.980001,270.0,top
Q502,MMBT3904,SOT-23,84.534937,93.980001,270.0,top
Q503,MMBT3904,SOT-23,89.651295,93.980001,270.0,top
Q504,MMBT3904,SOT-23,94.767653,93.980001,270.0,top
Q505,MMBT3904,SOT-23,99.884011,93.980001,270.0,top
Q506,MMBT3904,SOT-23,105.000368,93.980001,270.0,top
Q507,MMBT3904,SOT-23,110.116726,93.980001,270.0,top
Q508,MMBT3904,SOT-23,115.233084,93.980001,270.0,top
Q509,MMBT3904,SOT-23,120.349442,93.980001,270.0,top
Q510,MMBT3904,SOT-23,125.4658,93.980001,270.0,top
Q601,MMBT3904,SOT-23,109.868923,156.722476,270.0,top
Q602,MMBT3904,SOT-23,113.424923,156.720177,270.0,top
Q603,MMBT3904,SOT-23,113.424923,125.221877,90.0,top
Q604,MMBT3904,SOT-23,109.868923,125.221877,90.0,top
Q605,MMBT3904,SOT-23,106.312923,125.221877,90.0,top
Q606,MMBT3904,SOT-23,106.312923,156.722476,270.0,top
Q607,MMBT3904,SOT-23,110.125222,148.846176,180.0,top
R101,10k,R_0603_1608Metric,18.364201,142.4686,180.0,top
R102,10k,R_0603_1608Metric,28.7461,153.504401,-90.0,top
R103,10k,R_0603_1608Metric,20.650203,141.706599,90.0,top
R104,10k,R_0603_1608Metric,18.3642,140.9446,180.0,top
R105,10k,R_0603_1608Metric,22.174202,141.706599,-90.0,top
R106,9.1k,R_0603_1608Metric,17.627601,144.754599,90.0,top
R107,10k,R_0603_1608Metric,31.387702,159.092399,0.0,top
R108,10k,R_0603_1608Metric,36.035902,153.450601,-90.0,top
R109,10k,R_0603_1608Metric,38.677501,159.013201,0.0,top
R110,10k,R_0603_1608Metric,34.925,149.3266,180.0,top
R111,10k,R_0603_1608Metric,101.1174,30.1244,180.0,top
R201,100k,R_0603_1608Metric,3.0988,166.751,90.0,top
R202,680k,R_0603_1608Metric,18.830636,171.754799,180.0,top
R203,0,R_0603_1608Metric,10.371637,169.570399,90.0,top
R204,5.1k,R_0402_1005Metric,10.870711,154.197499,-90.0,top
R205,5.1k,R_0402_1005Metric,10.870711,152.257201,90.0,top
R206,220k,R_0603_1608Metric,15.832637,172.719999,180.0,top
R207,0,R_0603_1608Metric,6.764048,161.186599,180.0,top
R208,220,R_0402_1005Metric,9.036849,163.0662,90.0,top
R209,10k,R_0603_1608Metric,32.562801,163.741601,-90.0,top
R210,3.9k,R_0603_1608Metric,32.5628,166.7388,-90.0,top
R211,2k,R_0603_1608Metric,32.5628,169.736002,90.0,top
R212,1.2k,R_0603_1608Metric,32.5628,172.7332,90.0,top
R301,270,R_0603_1608Metric,49.109672,19.723599,90.0,top
R302,390,R_0603_1608Metric,47.55718,19.7236,90.0,top
R303,390,R_0603_1608Metric,46.007781,19.723601,90.0,top
R304,10k,R_0603_1608Metric,51.984971,36.652199,-90.0,top
R305,10k,R_0603_1608Metric,48.42078,36.6499,-90.0,top
R306,10k,R_0603_1608Metric,44.864189,36.647603,-90.0,top
R307,270,R_0603_1608Metric,57.488667,78.833129,90.0,top
R308,220,R_0603_1608Metric,35.475333,78.833129,90.0,top
R309,390,R_0603_1608Metric,13.4874,122.453402,90.0,top
R310,390,R_0603_1608Metric,35.500733,122.457211,90.0,top
R311,10k,R_0603_1608Metric,55.202667,71.213129,-90.0,top
R312,10k,R_0603_1608Metric,33.189333,71.213129,-90.0,top
R313,10k,R_0603_1608Metric,11.2014,114.831103,-90.0,top
R314,10k,R_0603_1608Metric,33.214733,114.837211,-90.0,top
R315,100k,R_0603_1608Metric,56.726667,71.213129,-90.0,top
R316,100k,R_0603_1608Metric,34.713333,71.213129,-90.0,top
R317,100k,R_0603_1608Metric,12.7254,114.831103,-90.0,top
R318,100k,R_0603_1608Metric,34.738733,114.837211,-90.0,top
R319,390,R_0603_1608Metric,57.497877,122.462612,90.0,top
R320,360,R_0603_1608Metric,13.462,78.833129,90.0,top
R321,10k,R_0603_1608Metric,55.211877,114.842612,-90.0,top
R322,10k,R_0603_1608Metric,11.176,71.213129,-90.0,top
R323,100k,R_0603_1608Metric,56.735877,114.842612,-90.0,top
R324,100k,R_0603_1608Metric,12.7,71.213129,-90.0,top
R401,1k,R_0603_1608Metric,107.2659,77.539201,0.0,top
R402,1k,R_0603_1608Metric,123.0515,76.142201,180.0,top
R403,1k,R_0603_1608Metric,110.644099,77.539199,0.0,top
R404,1k,R_0603_1608Metric,123.0515,77.6662,180.0,top
R405,1k,R_0603_1608Metric,110.6441,79.063199,0.0,top
R406,1k,R_0603_1608Metric,110.6441,74.491201,0.0,top
R407,1k,R_0603_1608Metric,110.644101,72.967201,0.0,top
R408,10k,R_0603_1608Metric,127.0254,86.3986,90.0,top
R409,1k,R_0603_1608Metric,107.2659,76.015198,0.0,top
R410,10k,R_0603_1608Metric,127.0254,83.376,90.0,top
R411,1k,R_0603_1608Metric,123.0515,74.618201,180.0,top
R412,1k,R_0603_1608Metric,107.2659,74.491199,0.0,top
R413,220,R_0603_1608Metric,79.460411,122.447999,90.0,top
R414,10k,R_0603_1608Metric,118.979215,109.01386,135.0,top
R415,1k,R_0603_1608Metric,129.961714,119.457545,-135.0,top
R416,1k,R_0603_1608Metric,131.04613,118.371288,-135.0,top
R417,1k,R_0603_1608Metric,132.123763,117.293655,-135.0,top
R418,10k,R_0603_1608Metric,121.116516,106.876559,135.0,top
R419,1k,R_0603_1608Metric,129.638424,114.823735,-135.0,top
R420,1k,R_0603_1608Metric,130.716057,113.746108,-135.0,top
R421,1k,R_0603_1608Metric,126.405534,118.056625,-135.0,top
R422,10k,R_0603_1608Metric,78.698411,114.827999,-90.0,top
R423,1k,R_0603_1608Metric,127.483164,116.978995,-135.0,top
R501,220,R_0603_1608Metric,76.8604,93.98,90.0,top
R502,220,R_0603_1608Metric,81.976758,93.98,90.0,top
R503,220,R_0603_1608Metric,87.093116,93.98,90.0,top
R504,220,R_0603_1608Metric,92.209474,93.98,90.0,top
R505,220,R_0603_1608Metric,97.325832,93.98,90.0,top
R506,220,R_0603_1608Metric,102.442189,93.98,90.0,top
R507,220,R_0603_1608Metric,107.558547,93.98,90.0,top
R508,220,R_0603_1608Metric,112.674905,93.98,90.0,top
R509,220,R_0603_1608Metric,117.791263,93.98,90.0,top
R510,220,R_0603_1608Metric,122.907621,93.98,90.0,top
R511,10k,R_0603_1608Metric,77.724,91.186,180.0,top
R512,10k,R_0603_1608Metric,82.804,91.186,180.0,top
R513,10k,R_0603_1608Metric,87.884,91.186,180.0,top
R514,10k,R_0603_1608Metric,92.964,91.186,180.0,top
R515,10k,R_0603_1608Metric,98.044,91.186,180.0,top
R516,10k,R_0603_1608Metric,103.378,91.186,180.0,top
R517,10k,R_0603_1608Metric,108.458,91.186,180.0,top
R518,10k,R_0603_1608Metric,113.538,91.186,180.0,top
R519,10k,R_0603_1608Metric,118.618,91.186,180.0,top
R520,10k,R_0603_1608Metric,123.698,91.186,180.0,top
R601,220,R_0603_1608Metric,104.280923,165.102176,90.0,top
R602,220,R_0603_1608Metric,115.456923,165.102176,90.0,top
R603,220,R_0603_1608Metric,121.933923,158.523576,0.0,top
R604,220,R_0603_1608Metric,121.921592,147.398376,0.0,top
R605,220,R_0603_1608Metric,121.933923,134.368176,0.0,top
R606,220,R_0603_1608Metric,121.933923,123.192176,0.0,top
R607,220,R_0603_1608Metric,115.456923,116.842176,-90.0,top
R608,220,R_0603_1608Metric,104.280923,116.842176,-90.0,top
R609,220,R_0603_1608Metric,97.803923,123.192176,180.0,top
R610,220,R_0603_1608Metric,97.803923,134.368176,180.0,top
R611,220,R_0603_1608Metric,97.803923,147.347576,180.0,top
R612,220,R_0603_1608Metric,97.803923,158.523576,180.0,top
R613,220,R_0603_1608Metric,104.280923,140.972176,-90.0,top
R614,220,R_0603_1608Metric,115.456923,140.972176,-90.0,top
R615,10k,R_0603_1608Metric,108.852923,153.164176,-90.0,top
R616,10k,R_0603_1608Metric,112.408923,153.164176,-90.0,top
R617,10k,R_0603_1608Metric,114.440923,128.780176,90.0,top
R618,10k,R_0603_1608Metric,110.884923,128.780176,90.0,top
R619,10k,R_0603_1608Metric,107.303523,128.780176,90.0,top
R620,10k,R_0603_1608Metric,105.296923,153.164176,-90.0,top
R621,10k,R_0603_1608Metric,106.566923,149.862176,180.0,top
RV101,3362P,BOURNS_3362P,27.1193,144.924501,0.0,top
RV102,3362P,BOURNS_3362P,4.799393,144.881171,0.0,top
RV103,3362P,BOURNS_3362P,13.8176,37.244299,180.0,top
RV104,3362P,BOURNS_3362P,13.8176,24.89595,180.0,top
RV105,3362P,BOURNS_3362P,13.8176,12.547601,180.0,top
SW101,MAN_CNT,SW-TH_DM1-12UP-1,100.2284,26.113889,0.0,top
SW102,CLK_SELECT,SW-TH_RT-0C4-D,121.92,64.516,135.0,top
SW201,SW_DIP_x04,SW_DIP_SPSTx04_Slide_9.78x12.34mm_W7.62mm_P2.54mm,26.339801,168.249601,90.0,top
SW202,SW_SPDT,SW_SPDT_Shouhan_MSK12C02,2.3588,172.8576,-90.0,top
SW301,SW Red,SW-TH_DM1-12UP-1,59.549168,65.5574,0.0,top
SW302,SW Orange,SW-TH_DM1-12UP-1,37.535834,65.5574,0.0,top
SW303,SW Green,SW-TH_DM1-12UP-1,15.547901,109.22,0.0,top
SW304,SW White,SW-TH_DM1-12UP-1,37.561234,109.2242,0.0,top
SW305,SW Blue,SW-TH_DM1-12UP-1,59.574568,109.2242,0.0,top
SW306,SW Purple,SW-TH_DM1-12UP-1,15.522501,65.5574,0.0,top
SW401,DISP_SELECT,SW-TH_SS-23D06-L5,81.28,64.897,90.0,top
U101,LM393,SOIC-8_3.9x4.9mm_P1.27mm,13.038,144.583199,90.0,top
U102,LM393,SOIC-8_3.9x4.9mm_P1.27mm,32.378301,154.455399,0.0,top
U103,4040,SOP-16_4.4x10.4mm_P1.27mm,37.236403,144.133699,180.0,top
U104,LM393,SOIC-8_3.9x4.9mm_P1.27mm,39.6594,154.390399,0.0,top
U201,AMS1117-3.3,SOT-223-3_TabPin2,18.6944,155.2194,0.0,top
U202,TPD1E05U06DPY,Texas_DPY0002A_0.6x1mm_P0.65mm,9.905511,154.146699,90.0,top
U203,TPD1E05U06DPY,Texas_DPY0002A_0.6x1mm_P0.65mm,9.905511,152.308001,-90.0,top
U204,TPS61040DBV,SOT-23-5,15.197636,170.078398,90.0,top
U205,TP4056-42-ESOP8,TP4056-42-ESOP8,13.39605,163.195,90.0,top
U401,4028,TSSOP-16_4.4x5mm_P0.65mm,116.8243,75.692,270.0,top
U402,4510,TSSOP-16_4.4x5mm_P0.65mm,130.911801,84.850199,180.0,top
U403,4511,TSSOP-16_4.4x5mm_P0.65mm,123.9774,111.7346,315.0,top
U501,74HC08D,SOIC-14_3.9x8.7mm_P1.27mm,86.36,85.09,0.0,top
U502,74HC08D,SOIC-14_3.9x8.7mm_P1.27mm,106.68,85.1012,0.0,top
U503,74HC08D,SOIC-14_3.9x8.7mm_P1.27mm,120.5484,85.0874,0.0,top
U601,74HC08D,SOIC-14_3.9x8.7mm_P1.27mm,129.036188,141.502566,225.0,top
U602,74HC08D,SOIC-14_3.9x8.7mm_P1.27mm,90.602634,141.609188,315.0,top
